index,value,error
0,0.201,0.001005
1,0.199,0.000995
2,0.200,0.001
